{
  "momentum_exhaustion": 0.031391482800245285,
  "humidity_day": 0.030531350523233414,
  "wick_pressure": 0.03041399084031582,
  "direction": 0.028633184731006622,
  "engulfing": 0.027912968769669533,
  "wick_body_ratio": 0.026953401044011116,
  "time_to_reversal": 0.02688019350171089,
  "breakout_insecurity": 0.025604352355003357,
  "fakeout_up": 0.025597551837563515,
  "upper_wick": 0.025550764054059982,
  "range": 0.025548454374074936,
  "shooting_star": 0.025208991020917892,
  "hammer": 0.025185253471136093,
  "body": 0.025113601237535477,
  "bars_since_new_low": 0.024991709738969803,
  "inside_bar": 0.024848122149705887,
  "body_range_ratio": 0.02482413873076439,
  "fakeout_down": 0.02472955733537674,
  "start_of_month": 0.024716194719076157,
  "relative_position_20": 0.024557393044233322,
  "volume_ratio_10": 0.02440972812473774,
  "body_std_6": 0.024391228333115578,
  "bars_since_new_high": 0.024284755811095238,
  "lower_wick": 0.024234144017100334,
  "consolidation_breakout_window": 0.023964041844010353,
  "candle_type": 0.023884562775492668,
  "gap_down": 0.023771313950419426,
  "day_of_week": 0.023688819259405136,
  "tight_cluster_zone": 0.023653041571378708,
  "directional_consistency": 0.023624727502465248,
  "support_test_count": 0.02356971986591816,
  "is_first_expansion_candle": 0.023203356191515923,
  "expansion_energy": 0.023042434826493263,
  "end_of_month": 0.022369056940078735,
  "volatility_squeeze": 0.02183469757437706,
  "storm_day": 0.020860880613327026,
  "gap_up": 0.020589280873537064,
  "liquidity_sweep_up": 0.020293986424803734,
  "liquidity_sweep_down": 0.01898207888007164,
  "volatility_expansion": 0.018933670595288277,
  "volume_anomaly": 0.017221778631210327,
  "doji": 0.0
}